Date,Species,ID,Treatment,DaysPost,SUL,Mass
10.10.14,Bullfrog,9,Carter,NA,45,9.1
10.10.14,Bullfrog,30,Carter,NA,43,8.29
10.10.14,Bullfrog,36,Carter,NA,37,4.96
10.10.14,Bullfrog,60,Carter,NA,39,5.69
10.10.14,Bullfrog,83,Carter,NA,41,6.81
10.10.14,Bullfrog,1,Control,Pre,54,15.29
10.10.14,Bullfrog,3,Control,Pre,44,7.78
10.10.14,Bullfrog,6,Control,Pre,43,8.33
10.10.14,Bullfrog,8,Control,Pre,42,7.58
10.10.14,Bullfrog,11,Control,Pre,45,8.73
10.10.14,Bullfrog,12,Control,Pre,49,10.78
10.10.14,Bullfrog,15,Control,Pre,41,6.55
10.10.14,Bullfrog,21,Control,Pre,59,16.04
10.10.14,Bullfrog,23,Control,Pre,50,10.59
10.10.14,Bullfrog,28,Control,Pre,42,6.09
10.10.14,Bullfrog,42,Control,Pre,37,4.76
10.10.14,Bullfrog,43,Control,Pre,39,4.78
10.10.14,Bullfrog,44,Control,Pre,37,4.84
10.10.14,Bullfrog,45,Control,Pre,46,8.77
10.10.14,Bullfrog,53,Control,Pre,47,10.22
10.10.14,Bullfrog,54,Control,Pre,40,5.46
10.10.14,Bullfrog,58,Control,Pre,36,4.76
10.10.14,Bullfrog,61,Control,Pre,42,7.65
10.10.14,Bullfrog,66,Control,Pre,40,5.37
10.10.14,Bullfrog,68,Control,Pre,39,5.69
10.10.14,Bullfrog,73,Control,Pre,44,8.34
10.10.14,Bullfrog,78,Control,Pre,34,3.99
10.10.14,Bullfrog,86,Control,Pre,34,3.78
10.10.14,Bullfrog,87,Control,Pre,39,5.69
10.10.14,Bullfrog,90,Control,Pre,39,4.66
10.10.14,Bullfrog,91,Control,Pre,34,3.75
10.10.14,Bullfrog,92,Control,Pre,29,2.31
10.10.14,Bullfrog,97,Control,Pre,33,3.17
10.10.14,Bullfrog,101,Control,Pre,32,2.79
10.10.14,Bullfrog,102,Control,Pre,31,1.97
10.10.14,Bullfrog,103,Control,Pre,33,3.78
10.10.14,Bullfrog,110,Control,Pre,46,10.5
10.10.14,Bullfrog,111,Control,Pre,37,4.38
10.10.14,Bullfrog,113,Control,Pre,36,5.43
10.10.14,Bullfrog,117,Control,Pre,39,5.95
10.10.14,Bullfrog,2,SectionLine,Pre,47,9.03
10.10.14,Bullfrog,4,SectionLine,Pre,47,9.9
10.10.14,Bullfrog,5,SectionLine,Pre,43,8.19
10.10.14,Bullfrog,14,SectionLine,Pre,58,18.83
10.10.14,Bullfrog,16,SectionLine,Pre,46,9.95
10.10.14,Bullfrog,18,SectionLine,Pre,42,7.54
10.10.14,Bullfrog,24,SectionLine,Pre,43,7.46
10.10.14,Bullfrog,29,SectionLine,Pre,47,11.62
10.10.14,Bullfrog,31,SectionLine,Pre,41,6.71
10.10.14,Bullfrog,34,SectionLine,Pre,51,12.68
10.10.14,Bullfrog,37,SectionLine,Pre,50,12.73
10.10.14,Bullfrog,46,SectionLine,Pre,42,8.06
10.10.14,Bullfrog,47,SectionLine,Pre,45,7.4
10.10.14,Bullfrog,48,SectionLine,Pre,41,7.36
10.10.14,Bullfrog,52,SectionLine,Pre,36,4.54
10.10.14,Bullfrog,55,SectionLine,Pre,39,5.51
10.10.14,Bullfrog,56,SectionLine,Pre,46,8.59
10.10.14,Bullfrog,62,SectionLine,Pre,41,7.38
10.10.14,Bullfrog,63,SectionLine,Pre,37,5.68
10.10.14,Bullfrog,64,SectionLine,Pre,42,7.29
10.10.14,Bullfrog,69,SectionLine,Pre,39,5.64
10.10.14,Bullfrog,77,SectionLine,Pre,40,6.18
10.10.14,Bullfrog,79,SectionLine,Pre,39,5.24
10.10.14,Bullfrog,80,SectionLine,Pre,36,4.73
10.10.14,Bullfrog,81,SectionLine,Pre,39,4.89
10.10.14,Bullfrog,82,SectionLine,Pre,39,4.99
10.10.14,Bullfrog,84,SectionLine,Pre,32,3.31
10.10.14,Bullfrog,85,SectionLine,Pre,36,4.21
10.10.14,Bullfrog,88,SectionLine,Pre,36,3.61
10.10.14,Bullfrog,89,SectionLine,Pre,41,6.09
10.10.14,Bullfrog,93,SectionLine,Pre,40,6.08
10.10.14,Bullfrog,96,SectionLine,Pre,37,5.26
10.10.14,Bullfrog,98,SectionLine,Pre,33,2.62
10.10.14,Bullfrog,99,SectionLine,Pre,35,4.24
10.10.14,Bullfrog,108,SectionLine,Pre,32,3.75
10.16.14,Bullfrog,23,Control,3,49,10.58
10.16.14,Bullfrog,45,Control,3,46,9.03
10.16.14,Bullfrog,97,Control,3,32,3.17
10.16.14,Bullfrog,102,Control,3,30,1.89
10.16.14,Bullfrog,117,Control,3,40,6.2
10.16.14,Bullfrog,4,SectionLine,3,48,9.72
10.16.14,Bullfrog,47,SectionLine,3,44,6.96
10.16.14,Bullfrog,48,SectionLine,3,42,7.12
10.16.14,Bullfrog,88,SectionLine,3,35,5.39
10.16.14,Bullfrog,89,SectionLine,3,40,6.21
10.17.14,Bullfrog,9,Carter,NA,45,9.32
10.17.14,Bullfrog,30,Carter,NA,42,8.34
10.17.14,Bullfrog,36,Carter,NA,37,4.84
10.17.14,Bullfrog,60,Carter,NA,38,5.62
10.17.14,Bullfrog,83,Carter,NA,43,6.92
10.17.14,Bullfrog,1,Control,4,56,15.47
10.17.14,Bullfrog,3,Control,4,43,7.56
10.17.14,Bullfrog,6,Control,4,44,8.52
10.17.14,Bullfrog,8,Control,4,41,7.24
10.17.14,Bullfrog,11,Control,4,46,9.03
10.17.14,Bullfrog,12,Control,4,49,10.28
10.17.14,Bullfrog,15,Control,4,41,6.84
10.17.14,Bullfrog,21,Control,4,57,16.67
10.17.14,Bullfrog,28,Control,4,39,6.52
10.17.14,Bullfrog,42,Control,4,38,4.63
10.17.14,Bullfrog,43,Control,4,39,4.54
10.17.14,Bullfrog,44,Control,4,36,4.51
10.17.14,Bullfrog,53,Control,4,45,10.19
10.17.14,Bullfrog,54,Control,4,39,6.03
10.17.14,Bullfrog,58,Control,4,37,5.2
10.17.14,Bullfrog,61,Control,4,42,8.08
10.17.14,Bullfrog,66,Control,4,35,5.61
10.17.14,Bullfrog,68,Control,4,38,5.92
10.17.14,Bullfrog,73,Control,4,43,7.89
10.17.14,Bullfrog,78,Control,4,33,4.02
10.17.14,Bullfrog,86,Control,4,33,4.04
10.17.14,Bullfrog,87,Control,4,38,6.12
10.17.14,Bullfrog,90,Control,4,38,4.99
10.17.14,Bullfrog,91,Control,4,30,3.68
10.17.14,Bullfrog,92,Control,4,28,2.45
10.17.14,Bullfrog,101,Control,4,31,2.56
10.17.14,Bullfrog,103,Control,4,34,3.4
10.17.14,Bullfrog,110,Control,4,46,11.35
10.17.14,Bullfrog,111,Control,4,36,4.47
10.17.14,Bullfrog,113,Control,4,39,5.48
10.17.14,Bullfrog,2,SectionLine,4,44,8.5
10.17.14,Bullfrog,5,SectionLine,4,44,9.13
10.17.14,Bullfrog,14,SectionLine,4,56,18.26
10.17.14,Bullfrog,16,SectionLine,4,46,9.33
10.17.14,Bullfrog,18,SectionLine,4,42,7.15
10.17.14,Bullfrog,24,SectionLine,4,43,7.06
10.17.14,Bullfrog,29,SectionLine,4,45,11.5
10.17.14,Bullfrog,31,SectionLine,4,40,6.23
10.17.14,Bullfrog,34,SectionLine,4,53,11.51
10.17.14,Bullfrog,37,SectionLine,4,51,12.33
10.17.14,Bullfrog,46,SectionLine,4,44,7.71
10.17.14,Bullfrog,52,SectionLine,4,35,4.29
10.17.14,Bullfrog,55,SectionLine,4,39,5.08
10.17.14,Bullfrog,56,SectionLine,4,45,8.68
10.17.14,Bullfrog,62,SectionLine,4,42,6.89
10.17.14,Bullfrog,63,SectionLine,4,42,5.82
10.17.14,Bullfrog,64,SectionLine,4,41,6.56
10.17.14,Bullfrog,69,SectionLine,4,38,5.82
10.17.14,Bullfrog,77,SectionLine,4,42,6.3
10.17.14,Bullfrog,79,SectionLine,4,39,5.28
10.17.14,Bullfrog,80,SectionLine,4,39,5.35
10.17.14,Bullfrog,81,SectionLine,4,38,4.74
10.17.14,Bullfrog,82,SectionLine,4,39,5.26
10.17.14,Bullfrog,84,SectionLine,4,32,3.36
10.17.14,Bullfrog,85,SectionLine,4,36,4.44
10.17.14,Bullfrog,93,SectionLine,4,39,5.75
10.17.14,Bullfrog,96,SectionLine,4,39,5.12
10.17.14,Bullfrog,98,SectionLine,4,32,2.34
10.17.14,Bullfrog,99,SectionLine,4,37,4.05
10.17.14,Bullfrog,108,SectionLine,4,32,3.48
10.20.14,Bullfrog,11,Control,7,45,8.51
10.20.14,Bullfrog,53,Control,7,49,9.56
10.20.14,Bullfrog,86,Control,7,35,3.83
10.20.14,Bullfrog,101,Control,7,32,2.58
10.20.14,Bullfrog,111,Control,7,35,4.26
10.20.14,Bullfrog,79,SectionLine,7,39,5.38
10.20.14,Bullfrog,81,SectionLine,7,38,4.74
10.20.14,Bullfrog,84,SectionLine,7,34,3.41
10.20.14,Bullfrog,85,SectionLine,7,37,4.18
10.20.14,Bullfrog,96,SectionLine,7,39,5.39
10.23.14,Bullfrog,15,Control,10,41,6.85
10.23.14,Bullfrog,43,Control,10,38,4.48
10.23.14,Bullfrog,44,Control,10,38,4.42
10.23.14,Bullfrog,68,Control,10,40,5.57
10.23.14,Bullfrog,87,Control,10,40,5.66
10.23.14,Bullfrog,37,SectionLine,10,49,12.19
10.23.14,Bullfrog,46,SectionLine,10,43,7.83
10.23.14,Bullfrog,63,SectionLine,10,42,5.95
10.23.14,Bullfrog,64,SectionLine,10,43,6.26
10.23.14,Bullfrog,93,SectionLine,10,41,5.71
10.24.14,Bullfrog,9,Carter,NA,47,9.71
10.24.14,Bullfrog,30,Carter,NA,43,8.62
10.24.14,Bullfrog,36,Carter,NA,38,4.7
10.24.14,Bullfrog,60,Carter,NA,41,5.73
10.24.14,Bullfrog,83,Carter,NA,41,6.97
10.24.14,Bullfrog,1,Control,11,56,15.69
10.24.14,Bullfrog,3,Control,11,44,7.62
10.24.14,Bullfrog,6,Control,11,44,8.45
10.24.14,Bullfrog,8,Control,11,43,7.65
10.24.14,Bullfrog,12,Control,11,47,10.79
10.24.14,Bullfrog,21,Control,11,58,15.6
10.24.14,Bullfrog,28,Control,11,40,6.1
10.24.14,Bullfrog,42,Control,11,38,4.56
10.24.14,Bullfrog,54,Control,11,40,5.85
10.24.14,Bullfrog,58,Control,11,35,4.96
10.24.14,Bullfrog,61,Control,11,42,8.17
10.24.14,Bullfrog,66,Control,11,38,5.74
10.24.14,Bullfrog,73,Control,11,43,7.68
10.24.14,Bullfrog,78,Control,11,36,4.52
10.24.14,Bullfrog,90,Control,11,38,5.1
10.24.14,Bullfrog,91,Control,11,32,3.59
10.24.14,Bullfrog,92,Control,11,26,2.86
10.24.14,Bullfrog,103,Control,11,34,3.45
10.24.14,Bullfrog,110,Control,11,48,11.04
10.24.14,Bullfrog,113,Control,11,37,5.5
10.24.14,Bullfrog,2,SectionLine,11,44,8.85
10.24.14,Bullfrog,5,SectionLine,11,43,8.83
10.24.14,Bullfrog,14,SectionLine,11,57,19.75
10.24.14,Bullfrog,16,SectionLine,11,47,9.34
10.24.14,Bullfrog,18,SectionLine,11,42,6.79
10.24.14,Bullfrog,24,SectionLine,11,43,7.05
10.24.14,Bullfrog,29,SectionLine,11,48,11.7
10.24.14,Bullfrog,31,SectionLine,11,42,6.02
10.24.14,Bullfrog,34,SectionLine,11,51,12.08
10.24.14,Bullfrog,52,SectionLine,11,37,4.49
10.24.14,Bullfrog,55,SectionLine,11,38,5.67
10.24.14,Bullfrog,56,SectionLine,11,46,9.19
10.24.14,Bullfrog,62,SectionLine,11,42,6.56
10.24.14,Bullfrog,69,SectionLine,11,40,5.66
10.24.14,Bullfrog,77,SectionLine,11,42,6.52
10.24.14,Bullfrog,80,SectionLine,11,40,5.3
10.24.14,Bullfrog,82,SectionLine,11,41,5.18
10.24.14,Bullfrog,98,SectionLine,11,32,2.25
10.24.14,Bullfrog,99,SectionLine,11,35,3.84
10.24.14,Bullfrog,108,SectionLine,11,34,3.18
10.31.14,Bullfrog,9,Carter,Pre,46,9.54
10.31.14,Bullfrog,30,Carter,Pre,42,8.92
10.31.14,Bullfrog,36,Carter,Pre,39,5.23
10.31.14,Bullfrog,60,Carter,Pre,39,5.85
10.31.14,Bullfrog,83,Carter,Pre,41,7.38
10.31.14,Bullfrog,1,Control,18,56,16.09
10.31.14,Bullfrog,3,Control,18,45,8.27
10.31.14,Bullfrog,6,Control,18,46,8.47
10.31.14,Bullfrog,8,Control,18,41,7.6
10.31.14,Bullfrog,12,Control,18,50,11.42
10.31.14,Bullfrog,21,Control,18,56,16.2
10.31.14,Bullfrog,28,Control,18,41,6.82
10.31.14,Bullfrog,42,Control,18,37,5
10.31.14,Bullfrog,54,Control,18,39,5.89
10.31.14,Bullfrog,58,Control,18,38,4.98
10.31.14,Bullfrog,61,Control,18,43,8.09
10.31.14,Bullfrog,66,Control,18,40,5.62
10.31.14,Bullfrog,73,Control,18,42,6.9
10.31.14,Bullfrog,78,Control,18,36,4.77
10.31.14,Bullfrog,90,Control,18,39,4.91
10.31.14,Bullfrog,91,Control,18,36,3.92
10.31.14,Bullfrog,92,Control,18,31,2.72
10.31.14,Bullfrog,103,Control,18,34,3.6
10.31.14,Bullfrog,110,Control,18,46,11.16
10.31.14,Bullfrog,113,Control,18,37,5.79
10.31.14,Bullfrog,2,SectionLine,18,46,9.14
10.31.14,Bullfrog,5,SectionLine,18,44,9.18
10.31.14,Bullfrog,14,SectionLine,18,57,18.84
10.31.14,Bullfrog,16,SectionLine,18,48,9.46
10.31.14,Bullfrog,18,SectionLine,18,41,7.34
10.31.14,Bullfrog,24,SectionLine,18,43,7.45
10.31.14,Bullfrog,29,SectionLine,18,49,11.45
10.31.14,Bullfrog,31,SectionLine,18,41,6.61
10.31.14,Bullfrog,34,SectionLine,18,53,12.85
10.31.14,Bullfrog,52,SectionLine,18,37,4.63
10.31.14,Bullfrog,55,SectionLine,18,38,5.73
10.31.14,Bullfrog,56,SectionLine,18,47,9.48
10.31.14,Bullfrog,69,SectionLine,18,39,5.91
10.31.14,Bullfrog,77,SectionLine,18,41,6.47
10.31.14,Bullfrog,80,SectionLine,18,39,5.4
10.31.14,Bullfrog,82,SectionLine,18,37,5.39
10.31.14,Bullfrog,98,SectionLine,18,31,2.15
10.31.14,Bullfrog,99,SectionLine,18,36,4.21
10.31.14,Bullfrog,108,SectionLine,18,33,3.53
11.06.14,Bullfrog,9,Carter,3,47,9.97
11.06.14,Bullfrog,30,Carter,3,43,8.14
11.06.14,Bullfrog,36,Carter,3,38,4.96
11.06.14,Bullfrog,60,Carter,3,41,5.53
11.06.14,Bullfrog,83,Carter,3,41,6.82
11.07.14,Bullfrog,1,Control,25,57,16.26
11.07.14,Bullfrog,3,Control,25,44,7.74
11.07.14,Bullfrog,6,Control,25,46,8.64
11.07.14,Bullfrog,8,Control,25,44,8.4
11.07.14,Bullfrog,12,Control,25,47,11.42
11.07.14,Bullfrog,21,Control,25,55,16.52
11.07.14,Bullfrog,28,Control,25,42,6.65
11.07.14,Bullfrog,42,Control,25,35,5.09
11.07.14,Bullfrog,54,Control,25,38,6.75
11.07.14,Bullfrog,58,Control,25,38,5.57
11.07.14,Bullfrog,61,Control,25,45,8.37
11.07.14,Bullfrog,66,Control,25,40,6.08
11.07.14,Bullfrog,78,Control,25,37,4.94
11.07.14,Bullfrog,90,Control,25,39,5.6
11.07.14,Bullfrog,91,Control,25,32,3.88
11.07.14,Bullfrog,92,Control,25,32,2.79
11.07.14,Bullfrog,103,Control,25,34,3.97
11.07.14,Bullfrog,110,Control,25,46,11.18
11.07.14,Bullfrog,113,Control,25,40,5.76
11.07.14,Bullfrog,2,SectionLine,25,47,9.39
11.07.14,Bullfrog,5,SectionLine,25,45,9.1
11.07.14,Bullfrog,14,SectionLine,25,58,18.91
11.07.14,Bullfrog,16,SectionLine,25,48,9.64
11.07.14,Bullfrog,18,SectionLine,25,43,7.3
11.07.14,Bullfrog,24,SectionLine,25,44,7.56
11.07.14,Bullfrog,29,SectionLine,25,49,11.84
11.07.14,Bullfrog,31,SectionLine,25,42,6.48
11.07.14,Bullfrog,34,SectionLine,25,52,11.9
11.07.14,Bullfrog,52,SectionLine,25,38,4.71
11.07.14,Bullfrog,55,SectionLine,25,38,5.91
11.07.14,Bullfrog,56,SectionLine,25,49,9.86
11.07.14,Bullfrog,69,SectionLine,25,40,6.13
11.07.14,Bullfrog,77,SectionLine,25,41,6.68
11.07.14,Bullfrog,80,SectionLine,25,39,5.6
11.07.14,Bullfrog,82,SectionLine,25,40,5.64
11.07.14,Bullfrog,98,SectionLine,25,30,1.97
11.07.14,Bullfrog,99,SectionLine,25,37,4.26
11.07.14,Bullfrog,108,SectionLine,25,34,3.48
11.14.14,Bullfrog,1,Control,32,56,16.73
11.14.14,Bullfrog,3,Control,32,44,8.14
11.14.14,Bullfrog,6,Control,32,46,8.69
11.14.14,Bullfrog,8,Control,32,45,8.42
11.14.14,Bullfrog,12,Control,32,51,11.23
11.14.14,Bullfrog,21,Control,32,54,16.53
11.14.14,Bullfrog,28,Control,32,43,6.83
11.14.14,Bullfrog,42,Control,32,40,4.99
11.14.14,Bullfrog,54,Control,32,42,6.47
11.14.14,Bullfrog,58,Control,32,39,5.48
11.14.14,Bullfrog,61,Control,32,46,8.08
11.14.14,Bullfrog,66,Control,32,41,6.28
11.14.14,Bullfrog,78,Control,32,38,4.72
11.14.14,Bullfrog,90,Control,32,41,5.53
11.14.14,Bullfrog,91,Control,32,34,3.97
11.14.14,Bullfrog,92,Control,32,31,2.98
11.14.14,Bullfrog,103,Control,32,34,3.69
11.14.14,Bullfrog,110,Control,32,49,11.54
11.14.14,Bullfrog,113,Control,32,41,6.14
11.14.14,Bullfrog,2,SectionLine,32,49,9.65
11.14.14,Bullfrog,5,SectionLine,32,46,8.67
11.14.14,Bullfrog,14,SectionLine,32,57,18.96
11.14.14,Bullfrog,16,SectionLine,32,48,9.97
11.14.14,Bullfrog,18,SectionLine,32,43,7.52
11.14.14,Bullfrog,24,SectionLine,32,45,7.33
11.14.14,Bullfrog,29,SectionLine,32,50,11.94
11.14.14,Bullfrog,31,SectionLine,32,44,6.7
11.14.14,Bullfrog,34,SectionLine,32,51,11.91
11.14.14,Bullfrog,52,SectionLine,32,38,5.03
11.14.14,Bullfrog,55,SectionLine,32,40,5.73
11.14.14,Bullfrog,56,SectionLine,32,48,9.39
11.14.14,Bullfrog,69,SectionLine,32,41,6.31
11.14.14,Bullfrog,77,SectionLine,32,43,6.72
11.14.14,Bullfrog,80,SectionLine,32,39,5.46
11.14.14,Bullfrog,82,SectionLine,32,40,5.79
11.14.14,Bullfrog,98,SectionLine,32,30,1.87
11.14.14,Bullfrog,99,SectionLine,32,39,4.57
11.14.14,Bullfrog,108,SectionLine,32,35,3.51
11.21.14,Bullfrog,1,Control,39,57,17.17
11.21.14,Bullfrog,3,Control,39,45,8.3
11.21.14,Bullfrog,6,Control,39,46,8.4
11.21.14,Bullfrog,8,Control,39,44,8.49
11.21.14,Bullfrog,12,Control,39,49,10.9
11.21.14,Bullfrog,21,Control,39,57,16.45
11.21.14,Bullfrog,28,Control,39,43,7.25
11.21.14,Bullfrog,42,Control,39,39,5.41
11.21.14,Bullfrog,54,Control,39,41,6.52
11.21.14,Bullfrog,58,Control,39,39,5.74
11.21.14,Bullfrog,61,Control,39,46,7.91
11.21.14,Bullfrog,66,Control,39,41,6.52
11.21.14,Bullfrog,78,Control,39,39,4.97
11.21.14,Bullfrog,90,Control,39,40,5.69
11.21.14,Bullfrog,91,Control,39,35,3.9
11.21.14,Bullfrog,92,Control,39,33,2.94
11.21.14,Bullfrog,103,Control,39,35,3.59
11.21.14,Bullfrog,110,Control,39,46,11.59
11.21.14,Bullfrog,113,Control,39,39,5.91
11.21.14,Bullfrog,2,SectionLine,39,47,9.79
11.21.14,Bullfrog,5,SectionLine,39,46,9.06
11.21.14,Bullfrog,14,SectionLine,39,57,19.4
11.21.14,Bullfrog,16,SectionLine,39,48,9.91
11.21.14,Bullfrog,18,SectionLine,39,44,8
11.21.14,Bullfrog,24,SectionLine,39,44,7.42
11.21.14,Bullfrog,29,SectionLine,39,48,11.94
11.21.14,Bullfrog,31,SectionLine,39,42,6.92
11.21.14,Bullfrog,34,SectionLine,39,51,12.12
11.21.14,Bullfrog,52,SectionLine,39,40,5.37
11.21.14,Bullfrog,55,SectionLine,39,40,6.02
11.21.14,Bullfrog,56,SectionLine,39,47,10.21
11.21.14,Bullfrog,69,SectionLine,39,41,6.32
11.21.14,Bullfrog,77,SectionLine,39,42,6.92
11.21.14,Bullfrog,80,SectionLine,39,39,5.67
11.21.14,Bullfrog,82,SectionLine,39,41,5.93
11.21.14,Bullfrog,98,SectionLine,39,31,1.85
11.21.14,Bullfrog,99,SectionLine,39,37,4.78
11.21.14,Bullfrog,108,SectionLine,39,35,3.67
11.28.14,Bullfrog,1,Control,46,58,18.83
11.28.14,Bullfrog,3,Control,46,44,8.57
11.28.14,Bullfrog,6,Control,46,47,8.47
11.28.14,Bullfrog,8,Control,46,44,8.67
11.28.14,Bullfrog,12,Control,46,50,12.02
11.28.14,Bullfrog,21,Control,46,56,17.25
11.28.14,Bullfrog,28,Control,46,41,7.68
11.28.14,Bullfrog,42,Control,46,40,5.92
11.28.14,Bullfrog,54,Control,46,43,6.67
11.28.14,Bullfrog,58,Control,46,39,5.91
11.28.14,Bullfrog,61,Control,46,44,8.48
11.28.14,Bullfrog,66,Control,46,40,6.43
11.28.14,Bullfrog,78,Control,46,38,4.85
11.28.14,Bullfrog,90,Control,46,40,5.55
11.28.14,Bullfrog,91,Control,46,36,4.48
11.28.14,Bullfrog,92,Control,46,34,3.2
11.28.14,Bullfrog,103,Control,46,34,3.64
11.28.14,Bullfrog,110,Control,46,47,11.99
11.28.14,Bullfrog,113,Control,46,41,6.43
11.28.14,Bullfrog,2,SectionLine,46,47,9.7
11.28.14,Bullfrog,5,SectionLine,46,47,9.38
11.28.14,Bullfrog,14,SectionLine,46,61,19.62
11.28.14,Bullfrog,16,SectionLine,46,51,10.14
11.28.14,Bullfrog,18,SectionLine,46,46,8.18
11.28.14,Bullfrog,24,SectionLine,46,44,7.62
11.28.14,Bullfrog,29,SectionLine,46,51,11.95
11.28.14,Bullfrog,31,SectionLine,46,44,7.08
11.28.14,Bullfrog,34,SectionLine,46,53,11.56
11.28.14,Bullfrog,52,SectionLine,46,41,5.6
11.28.14,Bullfrog,55,SectionLine,46,40,6.18
11.28.14,Bullfrog,56,SectionLine,46,48,10.08
11.28.14,Bullfrog,69,SectionLine,46,41,6.87
11.28.14,Bullfrog,77,SectionLine,46,43,6.91
11.28.14,Bullfrog,80,SectionLine,46,41,6.19
11.28.14,Bullfrog,82,SectionLine,46,42,6.38
11.28.14,Bullfrog,98,SectionLine,46,31,1.72
11.28.14,Bullfrog,99,SectionLine,46,37,5.29
11.28.14,Bullfrog,108,SectionLine,46,35,3.71
10.10.14,Wood Frog,5,Carter,NA,22,1.45
10.10.14,Wood Frog,6,Carter,NA,21,1.43
10.10.14,Wood Frog,7,Carter,NA,25,1.59
10.10.14,Wood Frog,9,Carter,NA,25,1.35
10.10.14,Wood Frog,12,Carter,NA,24,1.47
10.10.14,Wood Frog,17,Carter,NA,24,1.61
10.10.14,Wood Frog,19,Carter,NA,25,1.66
10.10.14,Wood Frog,20,Carter,NA,22,1.34
10.10.14,Wood Frog,21,Carter,NA,21,1.29
10.10.14,Wood Frog,25,Carter,NA,22,1.29
10.10.14,Wood Frog,26,Carter,NA,22,1.39
10.10.14,Wood Frog,31,Carter,NA,22,1.39
10.10.14,Wood Frog,36,Carter,NA,23,1.5
10.10.14,Wood Frog,43,Carter,NA,24,1.42
10.10.14,Wood Frog,54,Carter,NA,20,1.29
10.10.14,Wood Frog,56,Carter,NA,23,1.55
10.10.14,Wood Frog,57,Carter,NA,24,1.77
10.10.14,Wood Frog,63,Carter,NA,23,1.12
10.10.14,Wood Frog,65,Carter,NA,23,1.48
10.10.14,Wood Frog,66,Carter,NA,24,1.37
10.10.14,Wood Frog,69,Carter,NA,22,1.61
10.10.14,Wood Frog,70,Carter,NA,23,1.46
10.10.14,Wood Frog,76,Carter,NA,23,1.55
10.10.14,Wood Frog,77,Carter,NA,26,1.8
10.10.14,Wood Frog,84,Carter,NA,27,1.8
10.10.14,Wood Frog,85,Carter,NA,22,1.62
10.10.14,Wood Frog,92,Carter,NA,22,1.39
10.10.14,Wood Frog,94,Carter,NA,23,1.45
10.10.14,Wood Frog,96,Carter,NA,22,1.49
10.10.14,Wood Frog,109,Carter,NA,20,1.07
10.10.14,Wood Frog,121,Carter,NA,25,1.82
10.10.14,Wood Frog,122,Carter,NA,25,1.96
10.10.14,Wood Frog,133,Carter,NA,23,1.48
10.10.14,Wood Frog,140,Carter,NA,23,1.57
10.10.14,Wood Frog,141,Carter,NA,22,1.48
10.10.14,Wood Frog,2,Control,Pre,24,1.55
10.10.14,Wood Frog,3,Control,Pre,24,1.4
10.10.14,Wood Frog,4,Control,Pre,22,1.28
10.10.14,Wood Frog,13,Control,Pre,23,1.6
10.10.14,Wood Frog,14,Control,Pre,24,1.26
10.10.14,Wood Frog,15,Control,Pre,23,1.46
10.10.14,Wood Frog,18,Control,Pre,25,1.51
10.10.14,Wood Frog,23,Control,Pre,21,1.44
10.10.14,Wood Frog,27,Control,Pre,22,1.41
10.10.14,Wood Frog,28,Control,Pre,23,1.46
10.10.14,Wood Frog,29,Control,Pre,24,1.53
10.10.14,Wood Frog,30,Control,Pre,22,1.46
10.10.14,Wood Frog,34,Control,Pre,25,1.43
10.10.14,Wood Frog,44,Control,Pre,24,1.48
10.10.14,Wood Frog,45,Control,Pre,22,1.44
10.10.14,Wood Frog,50,Control,Pre,24,1.51
10.10.14,Wood Frog,51,Control,Pre,23,1.31
10.10.14,Wood Frog,58,Control,Pre,22,1.45
10.10.14,Wood Frog,62,Control,Pre,23,1.54
10.10.14,Wood Frog,67,Control,Pre,24,1.64
10.10.14,Wood Frog,74,Control,Pre,25,1.86
10.10.14,Wood Frog,75,Control,Pre,25,1.57
10.10.14,Wood Frog,78,Control,Pre,24,1.65
10.10.14,Wood Frog,90,Control,Pre,22,1.48
10.10.14,Wood Frog,95,Control,Pre,22,1.37
10.10.14,Wood Frog,103,Control,Pre,25,1.63
10.10.14,Wood Frog,104,Control,Pre,23,1.4
10.10.14,Wood Frog,108,Control,Pre,20,1.08
10.10.14,Wood Frog,117,Control,Pre,24,1.67
10.10.14,Wood Frog,123,Control,Pre,25,1.96
10.10.14,Wood Frog,125,Control,Pre,21,1.34
10.10.14,Wood Frog,135,Control,Pre,24,1.88
10.10.14,Wood Frog,137,Control,Pre,22,1.21
10.10.14,Wood Frog,142,Control,Pre,25,1.73
10.10.14,Wood Frog,144,Control,Pre,23,1.46
10.10.14,Wood Frog,46,PreviouslyExposedSectionLine,Pre,23,1.05
10.10.14,Wood Frog,61,PreviouslyExposedSectionLine,Pre,26,1.52
10.10.14,Wood Frog,81,PreviouslyExposedSectionLine,Pre,22,1.45
10.10.14,Wood Frog,91,PreviouslyExposedSectionLine,Pre,24,1.36
10.10.14,Wood Frog,97,PreviouslyExposedSectionLine,Pre,24,1.29
10.10.14,Wood Frog,126,PreviouslyExposedSectionLine,Pre,23,1.24
10.10.14,Wood Frog,127,PreviouslyExposedSectionLine,Pre,23,1.63
10.10.14,Wood Frog,136,PreviouslyExposedSectionLine,Pre,24,1.43
10.10.14,Wood Frog,8,SectionLine,Pre,24,1.59
10.10.14,Wood Frog,10,SectionLine,Pre,24,1.76
10.10.14,Wood Frog,11,SectionLine,Pre,24,1.51
10.10.14,Wood Frog,22,SectionLine,Pre,25,1.78
10.10.14,Wood Frog,24,SectionLine,Pre,26,1.47
10.10.14,Wood Frog,33,SectionLine,Pre,23,1.44
10.10.14,Wood Frog,35,SectionLine,Pre,25,1.62
10.10.14,Wood Frog,37,SectionLine,Pre,26,2.01
10.10.14,Wood Frog,38,SectionLine,Pre,23,1.45
10.10.14,Wood Frog,40,SectionLine,Pre,22,1.58
10.10.14,Wood Frog,42,SectionLine,Pre,23,1.57
10.10.14,Wood Frog,47,SectionLine,Pre,23,1.46
10.10.14,Wood Frog,48,SectionLine,Pre,22,1.49
10.10.14,Wood Frog,49,SectionLine,Pre,23,1.45
10.10.14,Wood Frog,53,SectionLine,Pre,23,1.49
10.10.14,Wood Frog,60,SectionLine,Pre,22,1.55
10.10.14,Wood Frog,64,SectionLine,Pre,22,1.43
10.10.14,Wood Frog,68,SectionLine,Pre,24,1.62
10.10.14,Wood Frog,79,SectionLine,Pre,26,1.81
10.10.14,Wood Frog,83,SectionLine,Pre,24,1.73
10.10.14,Wood Frog,87,SectionLine,Pre,25,1.83
10.10.14,Wood Frog,89,SectionLine,Pre,25,1.86
10.10.14,Wood Frog,101,SectionLine,Pre,21,1.26
10.10.14,Wood Frog,102,SectionLine,Pre,23,1.2
10.10.14,Wood Frog,106,SectionLine,Pre,20,1.04
10.10.14,Wood Frog,107,SectionLine,Pre,22,1.29
10.10.14,Wood Frog,111,SectionLine,Pre,24,1.62
10.10.14,Wood Frog,116,SectionLine,Pre,21,1.14
10.10.14,Wood Frog,129,SectionLine,Pre,24,1.62
10.10.14,Wood Frog,130,SectionLine,Pre,22,1.44
10.10.14,Wood Frog,131,SectionLine,Pre,21,1.13
10.10.14,Wood Frog,139,SectionLine,Pre,23,1.38
10.10.14,Wood Frog,145,SectionLine,Pre,25,1.8
10.10.14,Wood Frog,147,SectionLine,Pre,22,1.22
10.10.14,Wood Frog,148,SectionLine,Pre,23,1.61
10.16.14,Wood Frog,14,Control,3,24,1.28
10.16.14,Wood Frog,18,Control,3,25,1.48
10.16.14,Wood Frog,27,Control,3,23,1.46
10.16.14,Wood Frog,44,Control,3,25,1.32
10.16.14,Wood Frog,104,Control,3,23,1.12
10.16.14,Wood Frog,61,PreviouslyExposedSectionLine,3,24,1.27
10.16.14,Wood Frog,81,PreviouslyExposedSectionLine,3,22,1
10.16.14,Wood Frog,126,PreviouslyExposedSectionLine,3,24,1.18
10.16.14,Wood Frog,127,PreviouslyExposedSectionLine,3,25,1.19
10.16.14,Wood Frog,24,SectionLine,3,26,1.29
10.16.14,Wood Frog,47,SectionLine,3,24,1.49
10.16.14,Wood Frog,48,SectionLine,3,23,1.3
10.16.14,Wood Frog,53,SectionLine,3,23,1.26
10.16.14,Wood Frog,87,SectionLine,3,26,1.62
10.17.14,Wood Frog,5,Carter,Pre,23,1.52
10.17.14,Wood Frog,6,Carter,Pre,20,1.47
10.17.14,Wood Frog,7,Carter,Pre,24,1.83
10.17.14,Wood Frog,9,Carter,Pre,22,1.32
10.17.14,Wood Frog,12,Carter,Pre,23,1.49
10.17.14,Wood Frog,17,Carter,Pre,24,1.46
10.17.14,Wood Frog,19,Carter,Pre,22,1.56
10.17.14,Wood Frog,20,Carter,Pre,21,1.39
10.17.14,Wood Frog,21,Carter,Pre,23,1.13
10.17.14,Wood Frog,25,Carter,Pre,22,1.23
10.17.14,Wood Frog,26,Carter,Pre,23,1.54
10.17.14,Wood Frog,31,Carter,Pre,22,1.37
10.17.14,Wood Frog,36,Carter,Pre,23,1.49
10.17.14,Wood Frog,43,Carter,Pre,22,1.71
10.17.14,Wood Frog,54,Carter,Pre,20,1.1
10.17.14,Wood Frog,56,Carter,Pre,25,1.47
10.17.14,Wood Frog,57,Carter,Pre,25,1.88
10.17.14,Wood Frog,63,Carter,Pre,23,1.27
10.17.14,Wood Frog,65,Carter,Pre,23,1.57
10.17.14,Wood Frog,66,Carter,Pre,23,1.35
10.17.14,Wood Frog,69,Carter,Pre,23,1.71
10.17.14,Wood Frog,70,Carter,Pre,23,1.52
10.17.14,Wood Frog,76,Carter,Pre,25,1.43
10.17.14,Wood Frog,77,Carter,Pre,26,1.7
10.17.14,Wood Frog,84,Carter,Pre,27,1.67
10.17.14,Wood Frog,85,Carter,Pre,23,1.68
10.17.14,Wood Frog,92,Carter,Pre,22,1.48
10.17.14,Wood Frog,94,Carter,Pre,25,1.6
10.17.14,Wood Frog,96,Carter,Pre,24,1.5
10.17.14,Wood Frog,109,Carter,Pre,21,0.98
10.17.14,Wood Frog,121,Carter,Pre,24,1.68
10.17.14,Wood Frog,122,Carter,Pre,26,1.74
10.17.14,Wood Frog,133,Carter,Pre,25,1.56
10.17.14,Wood Frog,140,Carter,Pre,25,1.76
10.17.14,Wood Frog,141,Carter,Pre,22,1.38
10.17.14,Wood Frog,2,Control,4,24,1.35
10.17.14,Wood Frog,3,Control,4,24,1.28
10.17.14,Wood Frog,4,Control,4,21,1.27
10.17.14,Wood Frog,13,Control,4,25,1.36
10.17.14,Wood Frog,15,Control,4,24,1.36
10.17.14,Wood Frog,23,Control,4,24,1.5
10.17.14,Wood Frog,28,Control,4,23,1.31
10.17.14,Wood Frog,29,Control,4,24,1.43
10.17.14,Wood Frog,30,Control,4,24,1.57
10.17.14,Wood Frog,34,Control,4,24,1.45
10.17.14,Wood Frog,45,Control,4,24,1.95
10.17.14,Wood Frog,50,Control,4,24,1.46
10.17.14,Wood Frog,51,Control,4,23,1.61
10.17.14,Wood Frog,58,Control,4,25,1.67
10.17.14,Wood Frog,62,Control,4,23,1.35
10.17.14,Wood Frog,67,Control,4,23,1.4
10.17.14,Wood Frog,74,Control,4,25,1.7
10.17.14,Wood Frog,75,Control,4,24,1.67
10.17.14,Wood Frog,78,Control,4,25,2.13
10.17.14,Wood Frog,90,Control,4,23,1.56
10.17.14,Wood Frog,95,Control,4,23,1.44
10.17.14,Wood Frog,103,Control,4,25,1.71
10.17.14,Wood Frog,108,Control,4,21,0.96
10.17.14,Wood Frog,117,Control,4,24,1.59
10.17.14,Wood Frog,123,Control,4,26,2.28
10.17.14,Wood Frog,125,Control,4,23,1.49
10.17.14,Wood Frog,135,Control,4,24,1.72
10.17.14,Wood Frog,137,Control,4,22,1.1
10.17.14,Wood Frog,142,Control,4,22,1.66
10.17.14,Wood Frog,144,Control,4,21,1.39
10.17.14,Wood Frog,46,PreviouslyExposedSectionLine,4,22,0.89
10.17.14,Wood Frog,91,PreviouslyExposedSectionLine,4,24,1.21
10.17.14,Wood Frog,97,PreviouslyExposedSectionLine,4,25,1.19
10.17.14,Wood Frog,136,PreviouslyExposedSectionLine,4,25,1.18
10.17.14,Wood Frog,8,SectionLine,4,22,1.43
10.17.14,Wood Frog,10,SectionLine,4,23,1.31
10.17.14,Wood Frog,11,SectionLine,4,22,1.25
10.17.14,Wood Frog,22,SectionLine,4,26,1.49
10.17.14,Wood Frog,33,SectionLine,4,22,1.15
10.17.14,Wood Frog,35,SectionLine,4,23,1.39
10.17.14,Wood Frog,37,SectionLine,4,26,1.35
10.17.14,Wood Frog,38,SectionLine,4,26,1.24
10.17.14,Wood Frog,40,SectionLine,4,24,1.4
10.17.14,Wood Frog,42,SectionLine,4,23,1.33
10.17.14,Wood Frog,49,SectionLine,4,24,1.09
10.17.14,Wood Frog,60,SectionLine,4,21,1.32
10.17.14,Wood Frog,64,SectionLine,4,22,1.09
10.17.14,Wood Frog,68,SectionLine,4,26,1.39
10.17.14,Wood Frog,79,SectionLine,4,26,1.31
10.17.14,Wood Frog,83,SectionLine,4,23,1.35
10.17.14,Wood Frog,89,SectionLine,4,23,1.33
10.17.14,Wood Frog,101,SectionLine,4,23,1.16
10.17.14,Wood Frog,102,SectionLine,4,22,0.99
10.17.14,Wood Frog,106,SectionLine,4,19,0.81
10.17.14,Wood Frog,107,SectionLine,4,23,1.08
10.17.14,Wood Frog,111,SectionLine,4,24,1.32
10.17.14,Wood Frog,116,SectionLine,4,21,1.04
10.17.14,Wood Frog,129,SectionLine,4,23,1.41
10.17.14,Wood Frog,130,SectionLine,4,23,1.03
10.17.14,Wood Frog,131,SectionLine,4,21,1.05
10.17.14,Wood Frog,139,SectionLine,4,22,1.14
10.17.14,Wood Frog,145,SectionLine,4,25,1.44
10.17.14,Wood Frog,147,SectionLine,4,22,1.03
10.17.14,Wood Frog,148,SectionLine,4,23,1.4
10.20.14,Wood Frog,15,Control,7,26,1.48
10.20.14,Wood Frog,51,Control,7,25,1.34
10.20.14,Wood Frog,74,Control,7,26,1.62
10.20.14,Wood Frog,108,Control,7,22,0.96
10.20.14,Wood Frog,144,Control,7,24,1.27
10.20.14,Wood Frog,91,PreviouslyExposedSectionLine,7,24,1.27
10.20.14,Wood Frog,97,PreviouslyExposedSectionLine,7,24,1.11
10.20.14,Wood Frog,136,PreviouslyExposedSectionLine,7,25,1.06
10.20.14,Wood Frog,10,SectionLine,7,26,1.44
10.20.14,Wood Frog,40,SectionLine,7,22,1.22
10.20.14,Wood Frog,89,SectionLine,7,24,1.45
10.20.14,Wood Frog,101,SectionLine,7,23,1.2
10.20.14,Wood Frog,131,SectionLine,7,23,1.06
10.23.14,Wood Frog,21,Carter,3,23,1.08
10.23.14,Wood Frog,31,Carter,3,25,1.33
10.23.14,Wood Frog,63,Carter,3,23,1.24
10.23.14,Wood Frog,65,Carter,3,26,1.44
10.23.14,Wood Frog,140,Carter,3,24,1.54
10.23.14,Wood Frog,2,Control,10,23,1.34
10.23.14,Wood Frog,23,Control,10,24,1.37
10.23.14,Wood Frog,50,Control,10,23,1.36
10.23.14,Wood Frog,90,Control,10,23,1.42
10.23.14,Wood Frog,142,Control,10,25,1.58
10.23.14,Wood Frog,8,SectionLine,10,24,1.54
10.23.14,Wood Frog,79,SectionLine,10,25,1.38
10.23.14,Wood Frog,129,SectionLine,10,22,1.33
10.23.14,Wood Frog,147,SectionLine,10,24,1.12
10.23.14,Wood Frog,148,SectionLine,10,24,1.23
10.24.14,Wood Frog,5,Carter,4,22,1.32
10.24.14,Wood Frog,6,Carter,4,23,1.23
10.24.14,Wood Frog,7,Carter,4,27,1.58
10.24.14,Wood Frog,9,Carter,4,24,1.29
10.24.14,Wood Frog,12,Carter,4,23,1.34
10.24.14,Wood Frog,17,Carter,4,24,1.38
10.24.14,Wood Frog,19,Carter,4,24,1.68
10.24.14,Wood Frog,20,Carter,4,23,1.34
10.24.14,Wood Frog,25,Carter,4,23,1.11
10.24.14,Wood Frog,26,Carter,4,23,1.14
10.24.14,Wood Frog,36,Carter,4,23,1.5
10.24.14,Wood Frog,43,Carter,4,25,1.45
10.24.14,Wood Frog,54,Carter,4,21,1.04
10.24.14,Wood Frog,56,Carter,4,26,1.42
10.24.14,Wood Frog,57,Carter,4,26,1.45
10.24.14,Wood Frog,66,Carter,4,24,1.17
10.24.14,Wood Frog,69,Carter,4,25,1.63
10.24.14,Wood Frog,70,Carter,4,24,1.36
10.24.14,Wood Frog,76,Carter,4,24,1.41
10.24.14,Wood Frog,77,Carter,4,25,1.48
10.24.14,Wood Frog,84,Carter,4,25,1.49
10.24.14,Wood Frog,85,Carter,4,24,1.53
10.24.14,Wood Frog,92,Carter,4,24,1.41
10.24.14,Wood Frog,94,Carter,4,24,1.49
10.24.14,Wood Frog,96,Carter,4,23,1.34
10.24.14,Wood Frog,109,Carter,4,22,1.11
10.24.14,Wood Frog,121,Carter,4,24,1.53
10.24.14,Wood Frog,122,Carter,4,26,1.56
10.24.14,Wood Frog,133,Carter,4,25,1.51
10.24.14,Wood Frog,141,Carter,4,24,1.35
10.24.14,Wood Frog,3,Control,11,24,1.43
10.24.14,Wood Frog,4,Control,11,22,1.09
10.24.14,Wood Frog,13,Control,11,25,1.49
10.24.14,Wood Frog,28,Control,11,22,1.57
10.24.14,Wood Frog,29,Control,11,24,1.53
10.24.14,Wood Frog,30,Control,11,24,1.51
10.24.14,Wood Frog,34,Control,11,24,1.54
10.24.14,Wood Frog,45,Control,11,22,1.6
10.24.14,Wood Frog,58,Control,11,25,1.32
10.24.14,Wood Frog,62,Control,11,25,1.86
10.24.14,Wood Frog,67,Control,11,24,1.55
10.24.14,Wood Frog,75,Control,11,25,1.44
10.24.14,Wood Frog,78,Control,11,25,1.49
10.24.14,Wood Frog,95,Control,11,23,1.38
10.24.14,Wood Frog,103,Control,11,24,1.68
10.24.14,Wood Frog,117,Control,11,25,1.63
10.24.14,Wood Frog,123,Control,11,25,2.12
10.24.14,Wood Frog,125,Control,11,22,1.26
10.24.14,Wood Frog,135,Control,11,23,1.54
10.24.14,Wood Frog,137,Control,11,20,1.22
10.24.14,Wood Frog,83,SectionLine,11,23,1.32
10.24.14,Wood Frog,145,SectionLine,11,25,1.29
10.27.14,Wood Frog,6,Carter,7,22,1.18
10.27.14,Wood Frog,56,Carter,7,25,1.39
10.27.14,Wood Frog,57,Carter,7,24,1.5
10.27.14,Wood Frog,133,Carter,7,25,1.53
10.27.14,Wood Frog,141,Carter,7,24,1.27
10.30.14,Wood Frog,12,Carter,10,23,1.39
10.30.14,Wood Frog,20,Carter,10,22,1.32
10.30.14,Wood Frog,69,Carter,10,25,1.63
10.30.14,Wood Frog,76,Carter,10,26,1.51
10.30.14,Wood Frog,109,Carter,10,21,1.01
10.31.14,Wood Frog,5,Carter,11,22,1.34
10.31.14,Wood Frog,7,Carter,11,24,1.47
10.31.14,Wood Frog,9,Carter,11,25,1.25
10.31.14,Wood Frog,17,Carter,11,23,1.51
10.31.14,Wood Frog,19,Carter,11,24,1.28
10.31.14,Wood Frog,25,Carter,11,24,1.18
10.31.14,Wood Frog,26,Carter,11,22,1.18
10.31.14,Wood Frog,36,Carter,11,24,1.53
10.31.14,Wood Frog,43,Carter,11,24,1.47
10.31.14,Wood Frog,54,Carter,11,20,1.06
10.31.14,Wood Frog,66,Carter,11,22,1.09
10.31.14,Wood Frog,70,Carter,11,23,1.46
10.31.14,Wood Frog,77,Carter,11,25,1.63
10.31.14,Wood Frog,84,Carter,11,27,1.61
10.31.14,Wood Frog,85,Carter,11,22,1.42
10.31.14,Wood Frog,92,Carter,11,23,1.46
10.31.14,Wood Frog,94,Carter,11,25,1.46
10.31.14,Wood Frog,96,Carter,11,24,1.2
10.31.14,Wood Frog,121,Carter,11,25,1.39
10.31.14,Wood Frog,122,Carter,11,24,1.63
10.31.14,Wood Frog,3,Control,18,25,1.6
10.31.14,Wood Frog,4,Control,18,23,1.12
10.31.14,Wood Frog,13,Control,18,23,1.38
10.31.14,Wood Frog,28,Control,18,23,1.47
10.31.14,Wood Frog,29,Control,18,24,1.62
10.31.14,Wood Frog,30,Control,18,23,1.77
10.31.14,Wood Frog,34,Control,18,25,1.52
10.31.14,Wood Frog,45,Control,18,22,1.57
10.31.14,Wood Frog,58,Control,18,25,1.87
10.31.14,Wood Frog,62,Control,18,22,1.65
10.31.14,Wood Frog,67,Control,18,23,1.3
10.31.14,Wood Frog,75,Control,18,23,1.41
10.31.14,Wood Frog,78,Control,18,24,1.48
10.31.14,Wood Frog,95,Control,18,22,1.27
10.31.14,Wood Frog,103,Control,18,23,1.83
10.31.14,Wood Frog,117,Control,18,22,1.5
10.31.14,Wood Frog,123,Control,18,27,2.15
10.31.14,Wood Frog,125,Control,18,21,1.19
10.31.14,Wood Frog,135,Control,18,22,1.85
10.31.14,Wood Frog,137,Control,18,22,1.4
10.31.14,Wood Frog,83,SectionLine,18,24,1.38
11.07.14,Wood Frog,5,Carter,18,24,1.28
11.07.14,Wood Frog,7,Carter,18,25,1.36
11.07.14,Wood Frog,9,Carter,18,24,1.28
11.07.14,Wood Frog,17,Carter,18,24,1.52
11.07.14,Wood Frog,19,Carter,18,25,1.53
11.07.14,Wood Frog,25,Carter,18,24,1.26
11.07.14,Wood Frog,26,Carter,18,22,1.33
11.07.14,Wood Frog,36,Carter,18,23,1.43
11.07.14,Wood Frog,43,Carter,18,24,1.25
11.07.14,Wood Frog,54,Carter,18,19,0.96
11.07.14,Wood Frog,66,Carter,18,21,1.08
11.07.14,Wood Frog,70,Carter,18,23,1.43
11.07.14,Wood Frog,77,Carter,18,24,1.52
11.07.14,Wood Frog,84,Carter,18,26,1.61
11.07.14,Wood Frog,85,Carter,18,24,1.46
11.07.14,Wood Frog,92,Carter,18,24,1.36
11.07.14,Wood Frog,94,Carter,18,24,1.45
11.07.14,Wood Frog,96,Carter,18,24,1.22
11.07.14,Wood Frog,121,Carter,18,23,1.42
11.07.14,Wood Frog,122,Carter,18,24,1.38
11.07.14,Wood Frog,3,Control,25,25,1.81
11.07.14,Wood Frog,4,Control,25,22,1.27
11.07.14,Wood Frog,13,Control,25,24,1.72
11.07.14,Wood Frog,28,Control,25,23,1.49
11.07.14,Wood Frog,29,Control,25,24,1.45
11.07.14,Wood Frog,30,Control,25,24,1.43
11.07.14,Wood Frog,34,Control,25,24,1.8
11.07.14,Wood Frog,45,Control,25,22,1.67
11.07.14,Wood Frog,58,Control,25,23,1.55
11.07.14,Wood Frog,62,Control,25,22,1.66
11.07.14,Wood Frog,67,Control,25,24,1.54
11.07.14,Wood Frog,75,Control,25,22,1.55
11.07.14,Wood Frog,78,Control,25,25,1.46
11.07.14,Wood Frog,95,Control,25,24,1.46
11.07.14,Wood Frog,103,Control,25,23,1.71
11.07.14,Wood Frog,117,Control,25,23,1.79
11.07.14,Wood Frog,123,Control,25,26,2.29
11.07.14,Wood Frog,125,Control,25,22,1.25
11.07.14,Wood Frog,135,Control,25,24,1.71
11.07.14,Wood Frog,137,Control,25,23,1.45
11.07.14,Wood Frog,83,SectionLine,25,24,1.37
11.14.14,Wood Frog,5,Carter,25,25,1.51
11.14.14,Wood Frog,7,Carter,25,25,1.36
11.14.14,Wood Frog,9,Carter,25,25,1.25
11.14.14,Wood Frog,17,Carter,25,27,1.6
11.14.14,Wood Frog,19,Carter,25,26,1.56
11.14.14,Wood Frog,25,Carter,25,24,1.18
11.14.14,Wood Frog,26,Carter,25,24,1.15
11.14.14,Wood Frog,36,Carter,25,24,1.51
11.14.14,Wood Frog,43,Carter,25,25,1.3
11.14.14,Wood Frog,54,Carter,25,21,1.14
11.14.14,Wood Frog,66,Carter,25,24,1.02
11.14.14,Wood Frog,70,Carter,25,23,1.3
11.14.14,Wood Frog,77,Carter,25,25,1.56
11.14.14,Wood Frog,84,Carter,25,28,1.61
11.14.14,Wood Frog,85,Carter,25,24,1.49
11.14.14,Wood Frog,92,Carter,25,23,1.36
11.14.14,Wood Frog,94,Carter,25,23,1.42
11.14.14,Wood Frog,96,Carter,25,25,1.25
11.14.14,Wood Frog,121,Carter,25,25,1.53
11.14.14,Wood Frog,122,Carter,25,25,1.37
11.14.14,Wood Frog,3,Control,32,24,1.66
11.14.14,Wood Frog,4,Control,32,23,1.23
11.14.14,Wood Frog,13,Control,32,25,1.77
11.14.14,Wood Frog,28,Control,32,23,1.53
11.14.14,Wood Frog,29,Control,32,25,1.47
11.14.14,Wood Frog,30,Control,32,23,1.44
11.14.14,Wood Frog,34,Control,32,25,1.71
11.14.14,Wood Frog,45,Control,32,24,1.5
11.14.14,Wood Frog,58,Control,32,24,1.59
11.14.14,Wood Frog,62,Control,32,23,1.62
11.14.14,Wood Frog,67,Control,32,24,1.56
11.14.14,Wood Frog,75,Control,32,25,1.42
11.14.14,Wood Frog,78,Control,32,27,1.8
11.14.14,Wood Frog,95,Control,32,26,1.47
11.14.14,Wood Frog,103,Control,32,26,1.78
11.14.14,Wood Frog,117,Control,32,26,1.76
11.14.14,Wood Frog,123,Control,32,28,2.63
11.14.14,Wood Frog,125,Control,32,22,1.27
11.14.14,Wood Frog,135,Control,32,25,1.79
11.14.14,Wood Frog,137,Control,32,24,1.36
11.14.14,Wood Frog,83,SectionLine,32,26,1.46
11.21.14,Wood Frog,5,Carter,32,24,1.35
11.21.14,Wood Frog,7,Carter,32,25,1.57
11.21.14,Wood Frog,9,Carter,32,25,1.22
11.21.14,Wood Frog,17,Carter,32,24,1.53
11.21.14,Wood Frog,19,Carter,32,24,1.56
11.21.14,Wood Frog,25,Carter,32,24,1.16
11.21.14,Wood Frog,26,Carter,32,22,1.36
11.21.14,Wood Frog,36,Carter,32,24,1.38
11.21.14,Wood Frog,43,Carter,32,25,1.22
11.21.14,Wood Frog,54,Carter,32,21,1.02
11.21.14,Wood Frog,66,Carter,32,23,0.98
11.21.14,Wood Frog,70,Carter,32,24,1.29
11.21.14,Wood Frog,77,Carter,32,25,1.57
11.21.14,Wood Frog,84,Carter,32,27,1.49
11.21.14,Wood Frog,85,Carter,32,23,1.55
11.21.14,Wood Frog,92,Carter,32,23,1.38
11.21.14,Wood Frog,94,Carter,32,24,1.4
11.21.14,Wood Frog,96,Carter,32,23,1.16
11.21.14,Wood Frog,121,Carter,32,25,1.47
11.21.14,Wood Frog,122,Carter,32,24,1.65
11.21.14,Wood Frog,3,Control,39,26,1.76
11.21.14,Wood Frog,4,Control,39,22,1.51
11.21.14,Wood Frog,13,Control,39,25,1.8
11.21.14,Wood Frog,28,Control,39,23,1.74
11.21.14,Wood Frog,29,Control,39,24,1.71
11.21.14,Wood Frog,30,Control,39,23,1.58
11.21.14,Wood Frog,34,Control,39,25,1.5
11.21.14,Wood Frog,45,Control,39,24,1.73
11.21.14,Wood Frog,58,Control,39,25,1.61
11.21.14,Wood Frog,62,Control,39,24,1.69
11.21.14,Wood Frog,67,Control,39,24,1.36
11.21.14,Wood Frog,75,Control,39,23,1.72
11.21.14,Wood Frog,78,Control,39,26,1.62
11.21.14,Wood Frog,95,Control,39,25,1.53
11.21.14,Wood Frog,103,Control,39,24,1.61
11.21.14,Wood Frog,117,Control,39,26,1.69
11.21.14,Wood Frog,123,Control,39,27,2.57
11.21.14,Wood Frog,125,Control,39,23,1.49
11.21.14,Wood Frog,135,Control,39,24,1.68
11.21.14,Wood Frog,137,Control,39,23,1.21
11.21.14,Wood Frog,83,SectionLine,39,24,1.46
11.28.14,Wood Frog,5,Carter,39,25,1.41
11.28.14,Wood Frog,7,Carter,39,26,1.56
11.28.14,Wood Frog,9,Carter,39,25,1.24
11.28.14,Wood Frog,17,Carter,39,24,1.5
11.28.14,Wood Frog,19,Carter,39,25,1.48
11.28.14,Wood Frog,25,Carter,39,24,1.03
11.28.14,Wood Frog,26,Carter,39,22,1.4
11.28.14,Wood Frog,36,Carter,39,24,1.44
11.28.14,Wood Frog,43,Carter,39,25,1.21
11.28.14,Wood Frog,54,Carter,39,20,1.09
11.28.14,Wood Frog,66,Carter,39,23,1.19
11.28.14,Wood Frog,70,Carter,39,23,1.38
11.28.14,Wood Frog,77,Carter,39,25,1.51
11.28.14,Wood Frog,84,Carter,39,26,1.59
11.28.14,Wood Frog,85,Carter,39,24,1.55
11.28.14,Wood Frog,92,Carter,39,23,1.4
11.28.14,Wood Frog,94,Carter,39,25,1.49
11.28.14,Wood Frog,96,Carter,39,24,1.23
11.28.14,Wood Frog,121,Carter,39,24,1.38
11.28.14,Wood Frog,122,Carter,39,25,1.64
11.28.14,Wood Frog,3,Control,46,21,1.46
11.28.14,Wood Frog,4,Control,46,22,1.54
11.28.14,Wood Frog,13,Control,46,25,1.73
11.28.14,Wood Frog,28,Control,46,24,1.6
11.28.14,Wood Frog,29,Control,46,25,1.71
11.28.14,Wood Frog,30,Control,46,22,1.58
11.28.14,Wood Frog,34,Control,46,23,1.74
11.28.14,Wood Frog,45,Control,46,24,1.56
11.28.14,Wood Frog,58,Control,46,26,1.51
11.28.14,Wood Frog,62,Control,46,22,1.53
11.28.14,Wood Frog,67,Control,46,24,1.66
11.28.14,Wood Frog,75,Control,46,23,1.68
11.28.14,Wood Frog,78,Control,46,25,1.6
11.28.14,Wood Frog,95,Control,46,25,1.32
11.28.14,Wood Frog,103,Control,46,25,1.89
11.28.14,Wood Frog,117,Control,46,25,1.67
11.28.14,Wood Frog,123,Control,46,29,2.52
11.28.14,Wood Frog,125,Control,46,23,1.55
11.28.14,Wood Frog,135,Control,46,25,1.72
11.28.14,Wood Frog,137,Control,46,23,1.43
11.28.14,Wood Frog,83,SectionLine,46,25,1.58
12.05.14,Wood Frog,5,Carter,46,24,1.36
12.05.14,Wood Frog,7,Carter,46,27,1.25
12.05.14,Wood Frog,9,Carter,46,24,1.3
12.05.14,Wood Frog,17,Carter,46,25,1.5
12.05.14,Wood Frog,19,Carter,46,24,1.66
12.05.14,Wood Frog,25,Carter,46,23,1.14
12.05.14,Wood Frog,26,Carter,46,23,1.34
12.05.14,Wood Frog,36,Carter,46,24,1.42
12.05.14,Wood Frog,43,Carter,46,25,1.29
12.05.14,Wood Frog,54,Carter,46,21,1.13
12.05.14,Wood Frog,66,Carter,46,22,1.07
12.05.14,Wood Frog,70,Carter,46,23,1.35
12.05.14,Wood Frog,77,Carter,46,25,1.51
12.05.14,Wood Frog,84,Carter,46,28,1.63
12.05.14,Wood Frog,85,Carter,46,25,1.5
12.05.14,Wood Frog,92,Carter,46,24,1.42
12.05.14,Wood Frog,94,Carter,46,24,1.63
12.05.14,Wood Frog,96,Carter,46,23,1.21
12.05.14,Wood Frog,121,Carter,46,25,1.66
12.05.14,Wood Frog,122,Carter,46,25,1.55